CNP 2016 Code (3 chiffres),CNP 2016 Étiquette,CNP 2016 Niveau de compétence,CNP 2021 Code (4 chiffres),CNP 2021 Étiquette,CNP 2021 FÉER,Description
1,Membres des corps législatifs et cadres supérieurs / cadres supérieures,Gestion / A,1,Membres des corps législatifs et cadres supérieurs / cadres supérieures,0,s.o.
11,Directeurs / directrices des services administratifs,Gestion / A,1001,Directeurs / directrices des services administratifs,0,"Les groupes de base 0111 (maintenant 10010), 0112 (maintenant 10011), 0113 (maintenant 10012) et 0114 (maintenant 10019) ont été déplacés du sous-groupe 011 au sous-groupe 1001."
,,,1120,Professionnels / professionnelles en gestion des ressources humaines et en services aux entreprises,1,"L'appellation d'emploi ""coordonnateur / coordonnatrice de la formation du personnel"" a été déplacée du sous-groupe 011 au sous-groupe 1120."
,,,1311,"Adjoints administratifs / adjointes administratives de bureau - général, juridique et médical",3,"L'appellation d'emploi ""administrateur / administratrice des ressources humaines"" a été déplacée du sous-groupe 011 au sous-groupe 1311."
,,,2112,Professionnels / professionnelles de la santé et sécurité publique et environnementale,1,Les appellations d'emploi liées aux coordonnateurs de la santé et sécurité publique et environnementale ont été déplacés du sous-groupe 011 au sous-groupe 2112.
,,,2223,Contrôleurs / contrôleuses techniques et officiers / officières de réglementation,2,Les appellations d'emploi liées aux spécialistes de l'hygiène et de la sécurité au travail ont été déplacés du sous-groupe 011 au sous-groupe 2223.
12,Directeurs / directrices des services financiers et des services aux entreprises,Gestion / A,1002,Directeurs / directrices des services financiers et des services aux entreprises,0,s.o.
13,Directeurs / directrices des services de communications (sauf la radiotélédiffusion),Gestion / A,1003,Directeurs / directrices des services de communications (sauf la radiotélédiffusion),0,Le sous-groupe 013 a été divisé. Le groupe de base 0131 (maintenant 10030) a été déplacé du sous-groupe 013 au sous-groupe 1003.
,,,7002,Directeurs / directrices des transports et des services postaux et de messageries,0,Le sous-groupe 013 a été divisé. Le groupe de base 0132 (maintenant 70021) a été déplacé du sous-groupe 013 au sous-groupe 7002.
21,"Directeurs / directrices des services de génie, d'architecture, de sciences et des systèmes informatiques",Gestion / A,2001,"Directeurs / directrices des services de génie, d'architecture, de sciences et des systèmes informatiques",0,s.o.
31,Directeurs / directrices des soins de santé,Gestion / A,3001,Directeurs / directrices des soins de santé,0,s.o.
41,Directeurs / directrices de la fonction publique,Gestion / A,4001,Directeurs / directrices de la fonction publique,0,s.o.
42,Directeurs / directrices de l'enseignement et des services sociaux et communautaires,Gestion / A,4002,Directeurs / directrices de l'enseignement,0,Le sous-groupe 042 a été divisé. Les groupes de base 0421 (maintenant 40020) et 0422 (maintenant 40021) ont été déplacés du sous-groupe 042 au sous-groupe 4002.
,,,4003,"Directeurs / directrices des services sociaux, communautaires et correctionnels",0,Le sous-groupe 042 a été divisé. Le groupe de base 0423 (maintenant 40030) a été déplacé du sous-groupe 042 au sous-groupe 4003.
43,Directeurs / directrices des services de la protection du public,Gestion / A,4004,Directeurs / directrices des services de la protection du public,0,"Les groupes de base 0431 (maintenant 40040), 0432 (maintenant 40041) and 0433 (maintenant 40042) ont été déplacés du sous-groupe 043 au sous-groupe 4004."
,,,4131,Enquêteurs / enquêteuses de police et agents / agentes de probation,,Les appellations d'emploi liées aux enquêteurs de police ont été déplacés du sous-groupe 043 au sous-groupe 4131.
51,"Directeurs / directrices des arts, de la culture, des sports et des loisirs",Gestion / A,5001,"Directeurs / directrices des arts, de la culture, des sports et des loisirs",0,s.o.
60,Directeurs / directrices des ventes corporatives,Gestion / A,6001,Directeurs / directrices des ventes corporatives,0,s.o.
62,Directeurs / directrices - commerce de détail et de gros,Gestion / A,6002,Directeurs / directrices - commerce de détail et de gros,0,s.o.
63,Directeurs / directrices de la restauration et des services d'hébergement,Gestion / A,6003,Directeurs / directrices de la restauration et des services d'hébergement,0,s.o.
65,"Directeurs / directrices du service à la clientèle et des services personnels, n.c.a.",Gestion / A,6004,Directeurs / directrices du service à la clientèle et des services personnels,0,Étiquette modifiée.
71,"Directeurs / directrices de la construction, de l'exploitation et de l'entretien d'immeubles",Gestion / A,7001,"Directeurs / directrices de la construction, de l'exploitation et de l'entretien d'immeubles",0,s.o.
73,Directeurs / directrices des transports,Gestion / A,7002,Directeurs / directrices des transports et des services postaux et de messageries,0,Étiquette modifiée.
81,Directeurs / directrices de l'exploitation des ressources naturelles et de la pêche,Gestion / A,8001,Directeurs / directrices de l'exploitation des ressources naturelles et de la pêche,0,s.o.
82,"Gestionnaires en agriculture, horticulture et en aquaculture",Gestion / A,8002,"Gestionnaires en agriculture, horticulture et en aquaculture",0,s.o.
91,Directeurs / directrices de la fabrication et des services d'utilité publique,Gestion / A,9001,Directeurs / directrices de la fabrication et des services d'utilité publique,0,s.o.
111,"Professionnels / professionnelles en finance, en vérification et en comptabilité",A,1110,"Professionnels / professionnelles en finance, en vérification et en comptabilité",1,s.o.
112,Professionnels / professionnelles en gestion des ressources humaines et en services aux entreprises,A,1002,Directeurs / directrices des services financiers et des services aux entreprises,0,"L'appellation d'emploi ""gestionnaire de communauté - médias sociaux"" a été remplacée par ""gestionnaire des médias sociaux"" et a été déplacée du sous-groupe 112 au sous-groupe 1002."
,,,1120,Professionnels / professionnelles en gestion des ressources humaines et en services aux entreprises,1,"Les groupes de base 1121 (maintenant 11200), 1122 (maintenant 11201) et 1123 (maintenant 11202) ont été déplacés du sous-groupe 112 au sous-groupe 1120."
,,,6440,Représentants / représentantes aux services à la clientèle et services d'information,4,"Les appellations d'emploi ""agent / agente d'information touristique"" et ""technicien / technicienne en tourisme"" ont été déplacés du sous-groupe 112 au sous-groupe 6440."
121,Superviseurs / superviseures de services administratifs,B,1201,Personnel de supervision du travail administratif et financier,2,"Le sous-groupe 121 a été divisé. Les groupes de base 1211 (maintenant 12010), 1212 (maintenant 12011), 1213 (maintenant 12012) et 1215 (maintenant 12013) ont été déplacés du sous-groupe 121 au sous-groupe 1201."
,,,7202,Entrepreneurs / entrepreneuses et contremaîtres / contremaîtresses du personnel des métiers d'entretien et des opérateurs d'équipement lourd et de transport,2,Le sous-groupe 121 a été divisé. Le groupe de base 1214 (maintenant 72025) a été déplacé du sous-groupe 121 au sous-groupe 7202.
,,,1320,Coordonnateur / coordonnatrice de la logistique de la production et du transport et courtiers / courtières en douanes et autres professions courtiers / courtières,3,"Le sous-groupe 121 a été divisé. Les appellations d'emploi liées aux postes de non-superviseur en logistique, fret et transport ont été déplacés du sous-groupe 121 au sous-groupe 1320."
,,,7420,Mécaniciens / mécaniciennes de petits moteurs et d’équipements et réparateurs / réparatrices connexes (y compris composants électriques),4,"Le sous-groupe 121 a été divisé. L'appellation d'emploi ""superviseur / superviseure des services de passerelle - aéroport"" a été déplacée du sous-groupe 121 au sous-groupe 7420."
122,Personnel administratif et de réglementation,B,1001,Directeurs / directrices des services administratifs,0,"Le sous-groupe 122 a été divisé. L'appellation d'emploi ""greffier / greffière d'un tribunal"" a été déplacée du sous-groupe 122 au sous-groupe 1001."
,,,1210,Personnel administratif et de réglementation,2,"Le sous-groupe 122 a été divisé. Les groupes de base 1222 (maintenant 12100), 1223 (maintenant 12101), 1225 (maintenant 12102) et 1226 (maintenant 12103) et les appellations d'emploi liées aux agents de l'assurance-emploi et aux revenus ont été déplacés du sous-groupe 122 au sous-groupe 1210."
,,,1310,"Agents / agentes d'administration, de gestion immobilière et de la paye",3,Le sous-groupe 122 a été divisé. Les groupes de base 1221 (maintenant 13100) et 1224 (maintenant 131001) ont été déplacés du sous-groupe 122 au sous-groupe 1310.
,,,1410,Personnel de soutien de bureau et des services judiciaires,4,Le sous-groupe 122 a été divisé. Les appellations d'emploi liées aux postes de constable judiciaire et administrateur d'un tribunal ont été déplacés du sous-groupe 122 au sous-groupe 1410.
,,,4220,"Personnel paraprofessionnel des services juridiques, sociaux, communautaires et de l'enseignement",2,Le sous-groupe 122 a été divisé. Les appellations d'emploi liées aux juges de paix ont été déplacés du sous-groupe 122 au sous-groupe 4220.
,,,4320,Personnel de soutien en protection juridique et publique,3,"Le sous-groupe 122 a été divisé. Les appellations d'emploi liées aux agents de l’immigration, des douanes, et de services frontaliers ont été déplacés du sous-groupe 122 au sous-groupe 4320."
124,"Adjoints administratifs / adjointes administratives de bureau - général, juridique et médical",B,1311,"Adjoints administratifs / adjointes administratives de bureau - général, juridique et médical",3,s.o.
125,"Sténographes judiciaires, transcripteurs / transcriptrices, techniciens / techniciennes à la gestion des documents et agents / agentes de statistiques",B,1211,"Sténographes judiciaires, transcripteurs / transcriptrices, techniciens / techniciennes à la gestion des documents et agents / agentes de statistiques",2,s.o.
131,"Personnel en finance, assurance et personnel assimilé en administration des affaires",B,1220,"Personnel en comptabilité, assurance et personnel assimilé en administration des affaires",2,"Le sous-groupe 131 a été divisé. Les groupes de base 1311 (maintenant 12200), 1312 (maintenant 12201), 1313 (maintenant 12202) et 1314 (maintenant 12203) ont été déplacés du sous-groupe 131 au sous-groupe 1220."
,,,1320,Coordonnateur / coordonnatrice de la logistique de la production et du transport et courtiers / courtières en douanes et autres professions courtiers / courtières,3,Le sous-groupe 131 a été divisé. Le groupe de base 1315 (maintenant 13200) a été déplacé du sous-groupe 131 au sous-groupe 13200.
141,Personnel au travail général de bureau,C,1410,Personnel de soutien de bureau et des services judiciaires,4,Étiquette modifiée.
142,Commis en bureautique et en éditique,C,1411,"Personnel des enquêtes, des statistiques et de la saisie de données",4,Étiquette modifiée.
143,"Finance, assurance et personnel de soutien administratif",C,1310,"Agents / agentes d'administration, de gestion immobilière et de la paye",3,Le sous-groupe 143 a été divisé. Le groupe de base 1432 (maintenant 13102) a été déplacé du sous-groupe 143 au sous-groupe 1310.
,,,1420,"Finance, assurance et personnel de soutien administratif",4,"Le sous-groupe 143 a été divisé. Les groupes de base 1431 (maintenant 14200), 1434 (maintenant 14201) et 1435 (maintenant 14202) ont été déplacés du sous-groupe 143 au sous-groupe 1420."
145,"Commis de bibliothèque, de correspondance et autres commis",C,1411,"Personnel des enquêtes, des statistiques et de la saisie de données",4,Le sous-groupe 145 a été divisé. Le groupe de base 1454 (maintenant 14110) a été déplacé du sous-groupe 145 au sous-groupe 1411.
,,,1430,"Commis de bibliothèque, de correspondance et autres commis",4,Le sous-groupe 145 a été divisé. Les groupes de base 1451 (maintenant 14300) et 1452 (maintenant 14301) ont été déplacés du sous-groupe 145 au sous-groupe 1430.
151,Personnel au courrier et à la distribution de messages,C,6440,Représentants / représentantes aux services à la clientèle et services d'information,4,Le sous-groupe 151 a été divisé. Les appellations d'emploi liées aux commis et aux travailleurs des postes ont été déplacés du sous-groupe 151 au sous-groupe 6440.
,,,7410,Personnel au courrier et à la distribution de messages,4,Le sous-groupe 151 a été divisé. Le groupe de base 1512 (maintenant 74101) et les appellations d'emploi liées aux trieur de courrier ont été déplacés du sous-groupe 151 au sous-groupe 7410.
,,,7520,"Chauffeurs / chauffeuses de taxi, de service personnel et de livraison",5,Le sous-groupe 151 a été divisé. Les appellations d'emploi liées aux distributeurs de porte-à-porte ont été déplacés du sous-groupe 151 au sous-groupe 7520.
152,"Personnel en logistiques de chaîne d'approvisionnement, en suivi et en coordination d'horaires",C,1320,Coordonnateur / coordonnatrice de la logistique de la production et du transport et courtiers / courtières en douanes et autres professions courtiers / courtières,3,Les appellations d'emploi liées au coordonnateurs dans la logistique de production ont été déplacés du sous-groupe 152 au sous-groupe 1320.
,,,1440,"Personnel en logistiques de chaîne d'approvisionnement, en suivi et en coordination d'horaires",4,"Les groupes de base 1512 (maintenant 14400), 1522 (maintenant 14401), 1523 (maintenant 14402), 1524 (maintenant 14403), 1525 (maintenant 14404) et 1526 (maintenant 14405) ont été déplacés du sous-groupe 152 au sous-groupe  1440."
211,Professionnels / professionnelles des sciences physiques,A,2110,Professionnels / professionnelles des sciences physiques,1,s.o.
212,Professionnels / professionnelles des sciences de la vie,A,2111,Professionnels / professionnelles des sciences de la vie,1,s.o.
213,"Professionnels / professionnelles en génie civil, mécanique, électrique et chimique",A,2130,Ingénieurs civils et mécaniciens / ingénieures civiles et mécaniciennes,1,Le sous-groupe 213 a été divisé. Les groupes de base 2131 (maintenant 21300) et 2132 (maintenant 21301) ont été déplacés du sous-groupe 213 au sous-groupe 2130.
,,,2131,"Ingénieurs électriciens, électroniciens et informaticiens / ingénieures électriciennes, électroniciennes et informaticiennes",1,Le sous-groupe 213 a été divisé. Le groupe de base 2133 (maintenant 21310) a été déplacé du sous-groupe 213 au sous-groupe 2131.
,,,2132,Ingénieurs / ingénieures en fabrication et en traitement,1,Le sous-groupe 213 a été divisé. Le groupe de base 2134 (maintenant 21320) a été déplacé du sous-groupe 213 au sous-groupe 2132.
214,Autres professionnels / professionnelles en génie,A,2131,"Ingénieurs électriciens, électroniciens et informaticiens / ingénieures électriciennes, électroniciennes et informaticiennes",1,Le sous-groupe 214 a été divisé. Le groupe de base 2147 (maintenant 21311) a été déplacé du sous-groupe 214 au sous-groupe 2131.
,,,2132,Ingénieurs / ingénieures en fabrication et en traitement,1,Le sous-groupe 214 a été divisé. Les groupes de base 2141 (maintenant 21321) et 2142 (maintenant 21322) ont été déplacés du sous-groupe au sous-groupe 2132.
,,,2133,Ingénieurs / ingénieures en ressources naturelles,1,"Le sous-groupe 214 a été divisé. Les groupes de base 2143 (maintenant 21330), 2144 (maintenant 21331) et 2145 (maintenant 21332) ont été déplacés du sous-groupe 214 au sous-groupe 2133."
,,,2139,Autres professionnels / professionnelles en génie,1,Le sous-groupe 214 a été divisé. Les groupes de base 2146 (maintenant 21390) et 2148 (maintenant 21399) ont été déplacés du sous-groupes 214 au sous-groupe 2139.
215,"Professionnels / professionnelles en architecture, en urbanisme et en arpentage",A,2120,"Professionnels / professionnelles en architecture, en urbanisme et en arpentage",1,s.o.
216,"Mathématiciens / mathématiciennes, statisticiens / statisticiennes et actuaires",A,2121,"Mathématiciens / mathématiciennes, statisticiens / statisticiennes, actuaires et scientifique de données",1,Étiquette modifiée.
217,Professionnels / professionnelles en informatique,A,2121,"Mathématiciens / mathématiciennes, statisticiens / statisticiennes, actuaires et scientifique de données",1,"Le sous-groupe 217 a été divisé. Les appellations d'emploi liées à l'analyse et conseil de l'intelligence artificielle, scientifiques de données, explorateur de données et la conception d'intelligence artificielle ont été déplacés du sous-groupe 217 au sous-groupe 2121."
,,,2122,Professionnels / professionnelles en informatique,1,"Le sous-groupe 217 a été divisé. Les groupes de base 2171 (maintenant 21220, 21221 et 21222) et 2172 (maintenant 21223) ont été déplacés du sous-groupe 217 au sous-groupe 2122."
,,,2123,"Concepteurs / conceptrices et développeurs / développeuses en informatique, logiciel et Web",1,"Le sous-groupe 217 a été divisé. Les groupes de base 2173 (maintenant 21231), 2174 (maintenant 21230 et 21232), et 2175 (maintenant 21233 et 21234) ont été déplacés du sous-groupe 217 au sous-groupe 2123."
221,Personnel technique des sciences physiques,B,2210,Personnel technique des sciences physiques,2,s.o.
222,Personnel technique des sciences de la vie,B,2211,Personnel technique des sciences de la vie,2,s.o.
223,"Personnel technique en génie civil, mécanique et industriel",B,2230,"Personnel technique en génie civil, mécanique et industriel",2,s.o.
224,Personnel technique en génie électronique et électrique,B,2231,Personnel technique en génie électronique et électrique,2,s.o.
225,"Personnel technique en architecture, en dessin, en arpentage, en géomatique et en météorologie",B,2221,"Personnel technique en architecture, en dessin, en arpentage, en géomatique et en météorologie",2,s.o.
226,Autres contrôleurs / contrôleuses techniques et officiers / officières de réglementation,B,2112,Professionnels / professionnelles de la santé et sécurité publique et environnementale,1,Les appellations d'emploi liées à la santé et sécurité publique et environnementale ont été déplacés du sous-groupe 226 au sous-groupe 2112.
,,,2223,Contrôleurs / contrôleuses techniques et officiers / officières de réglementation,2,"Les groupes de base 2261 (maintenant 22230), 2262 (maintenant 22231), 2263 (maintenant 22232) et 2264 (maintenant 22233) ont été déplacés du sous-groupe 226 au sous-groupe 2223."
227,Officiers / officières et contrôleurs / contrôleuses des services de transport,B,7260,Officiers / officières et contrôleurs / contrôleuses des services de transport,2,"Le sous-groupe a été déplacé vers la GCP 7 - Métiers, transport, machinerie et domaines apparentés. Étiquette modifiée."
228,Personnel technique en informatique,B,2222,Personnel technique en informatique,2,L'étiquette française de ce sous-groupe a été modifiée.
301,Personnel professionnel en soins infirmiers,A,3130,Professionnels des soins infirmiers et paramédicaux,1,Étiquette modifiée.
311,"Médecins, dentistes et vétérinaires",A,3110,Médecins et vétérinaires,1,"Le sous-groupe 311 a été divisé. Les groupes de base 3111 (maintenant 31100 et 31101), 3112 (maintenant 31102) et 3114 (maintenant 31103) ont été déplacés du sous-groupe 311 au sous-groupe 3110."
,,,3111,"Dentistes, optométristes et audiologistes",1,Le sous-groupe 311 a été divisé. Le groupe de base 3113 (maintenant 31110) a été déplacé du sous-groupe 311 au sous-groupe 3111.
312,"Optométristes, chiropraticiens / chiropraticiennes et autres professionnels / professionnelles en diagnostic et en traitement de la santé",A,3111,"Dentistes, optométristes et audiologistes",1,Le sous-groupe 312 a été divisé. Le groupe de base 3121 (maintenant 31111) a été déplacé du sous-groupe 312 au sous-groupe 3111.
,,,3120,Professionnels / professionnelles en thérapie et en évaluation,1,Le sous-groupe 312 a été divisé. Le groupe de base 3122 (maintenant 31201) et les appellations d'emploi liées aux professionnels en diagnostic et en traitement de la santé ont été déplacés du sous-groupe 312 au sous-groupe 3120.
,,,3130,Professionnels des soins infirmiers et paramédicaux,1,Le sous-groupe 312 a été divisé. Le groupe de base 3124 (maintenant 31302 et 31303) a été déplacé du sous-groupe 312 au sous-groupe 3130.
,,,3210,Personnel technique en thérapie et en diagnostic,2,"Le sous-groupe 312 a été divisé.  L'appellation d'emploi ""assistants en anesthésie"" a été déplacée du sous-groupe 312 au sous-groupe 3210."
313,"Pharmaciens / pharmaciennes, diététistes et nutritionnistes",A,3112,Pharmaciens / pharmaciennes et diététistes,1,Étiquette modifiée.
314,Professionnels / professionnelles en thérapie et en évaluation,A,3111,"Dentistes, optométristes et audiologistes",1,Le sous-groupe 314 a été divisé. Le groupe de base 3141 (maintenant 31112) a été déplacé du sous-groupe 314 au sous-groupe 3111.
,,,3120,Professionnels / professionnelles en thérapie et en évaluation,1,"Le sous-groupe 314 a été divisé. Les groupes de base 3142 (maintenant 31202), 3143 (maintenant 31203) et 3144 (maintenant 31204) ont été déplacés du sous-groupe 314 au sous-groupe 3120."
,,,3210,Personnel technique en thérapie et en diagnostic,2,Le sous-groupe 314 a été divisé. Les appellations d'emploi liées aux autres personnel technique en thérapie et en diagnostic ont été déplacés du sous-groupe 314 au sous-groupe 3210.
,,,4130,Professionnels / professionnelles des services sociaux et communautaires,1,Le sous-groupe 314 a été divisé. Les appellations d'emploi liées à l'art-thérapie ont été déplacés du sous-groupe 314 au sous-groupe 4130.
321,Technologues et techniciens / techniciennes des sciences de la santé (sauf soins dentaires),B,3130,Professionnels des soins infirmiers et paramédicaux,1,Le sous-groupe 321 a été divisé. Les appellations d'emploi liées aux assistants en pathologie ont été déplacés du sous-groupe 321 au sous-groupe 3130.
,,,3210,Personnel technique en thérapie et en diagnostic,2,Le sous-groupe 321 a été divisé. Les groupes de base 3213 (maintenant 32104) et 3214 (maintenant 32103) ont été déplacés du sous-groupe 321 au sous-groupe 3210.
,,,3212,Technologues et techniciens / techniciennes des sciences de la santé,2,"Le sous-groupe 321 a été divisé. Les groupes de base 3211 (maintenant 32120), 3215 (maintenant 32121), 3216 (maintenant 32122), 3217 (maintenant 32123) et 3219 (maintenant 32124 et 32129) ont été déplacés du sous-groupe 321 au sous-groupe 3212."
,,,3310,Personnel de soutien des services de santé,3,Le sous-groupe 321 a été divisé. Les appellations d'emploi liées aux assistants de laboratoires médicaux et préposés techniques reliés ont été déplacés du sous-groupe 321 au sous-groupe 3310.
322,Personnel technique en soins dentaires,B,3211,Personnel technique en soins dentaires,2,"Les groupes de base 3221 (maintenant 32110), 3222 (maintenant 32111) et 32112 (maintenant 3223) ont été déplacés du sous-groupe 322 au sous-groupe 3211."
,,,3310,Personnel de soutien des services de santé,3,Les appellations d'emploi liées aux assistants dentaires et auxiliaires dans les laboratoires dentaires ont été déplacés du sous-groupe 322 au sous-groupe 3310.
323,Personnel technique en soins de santé,B,3210,Personnel technique en thérapie et en diagnostic,2,"Le sous-groupe 323 a été divisé. Les groupes de base 3231 (maintenant 32100), 3233 (maintenant 32101), 3234 (maintenant 32102) et 3237 (maintenant 32109) ont été déplacés du sous-groupe 323 au sous-groupe 3210."
,,,3220,Praticiens / praticiennes des médecines douces,2,Le sous-groupe 323 a été divisé. Les groupes de base 3232 (maintenant 32200 et 32209) et 3236 (maintenant 32201) ont été déplacés du sous-groupe 323 au sous-groupe 3220.
,,,3310,Personnel de soutien des services de santé,3,Le sous-groupe 323 a été divisé. Les appellations d'emploi liées aux assistants en ophtalmologie et assistants en audiométrie ont été déplacés du sous-groupe 323 au sous-groupe 3310.
341,Personnel de soutien des services de santé,C,3210,Personnel technique en thérapie et en diagnostic,2,Les appellations d'emploi liées aux assistants en réadaptation et en thérapie ont été déplacés du sous-groupe 341 au sous-groupe 3210.
,,,3310,Personnel de soutien des services de santé,3,"Les groupes de base 3411 (maintenant 33100), 3413 (maintenant 33102) et 3414 (maintenant 33109) ont été déplacés du sous-groupe 341 au sous-groupe 3310."
401,Professeurs / professeures d'université et assistants / assistantes d'enseignement au niveau postsecondaire,A,4120,Professeurs / professeures d'université et assistants / assistantes d'enseignement au niveau postsecondaire,1,s.o.
402,Enseignants / enseignantes au niveau collégial et autres instructeurs / instructrices en formation professionnelle,A,4121,Enseignants / enseignantes au niveau collégial et autres instructeurs / instructrices en formation professionnelle,1,s.o.
403,"Enseignants / enseignantes aux niveaux secondaire, primaire et préscolaire et conseillers / conseillères d'orientation",A,4122,"Enseignants / enseignantes aux niveaux secondaire, primaire et préscolaire",1,Le sous-groupe 403 a été divisé. Les groupes de base 4031 (maintenant 41220) et 4032 (maintenant 41221) ont été déplacés du sous-groupe 403 au sous-groupe 4122.
,,,4132,Conseillers / conseillères en information scolaire et en emploi,1,Le sous-groupe 403 a été divisé. Le groupe de base 4033 (maintenant 41320) a été déplacé du sous-groupe 403 au sous-groupe 4132.
411,"Juges, avocats / avocates (partout au Canada) et notaires (au Québec)",A,4110,"Juges, avocats / avocates (partout au Canada) et notaires (au Québec)",1,s.o.
415,Professionnels / professionnelles des services sociaux et communautaires,A,3120,Professionnels / professionnelles en thérapie et en évaluation,1,Le sous-groupe 415 a été divisé. Le groupe de base 4151 (maintenant 31200) a été déplacé du sous-groupe 415 au sous-groupe 3120.
,,,3130,Professionnels des soins infirmiers et paramédicaux,1,"Le sous-groupe 415 a été divisé. L'appellation d'emploi ""conseiller / conseillère en génétique"" a été déplacée du sous-groupe 415 au sous-groupe 3130."
,,,4130,Professionnels / professionnelles des services sociaux et communautaires,1,"Le sous-groupe 415 a été divisé. Les groupes de base 4152 (maintenant 41300), 4153 (maintenant 41301) et 4154 (maintenant 413002) ont été déplacés du sous-groupe 415 au sous-groupe 4130."
,,,4131,Enquêteurs / enquêteuses de police et agents / agentes de probation,1,Le sous-groupe 415 a été divisé. Le groupe de base 4155 (maintenant 41311) a été déplacé du sous-groupe 415 au sous-groupe 4131.
,,,4132,Conseillers / conseillères en information scolaire et en emploi,1,"Le sous-groupe 415 a été divisé. L'appellation d'emploi ""conseiller / conseillère professionnelle"" a été déplacée du sous-groupe 415 au sous-groupe 4132."
,,,4220,"Personnel paraprofessionnel des services juridiques, sociaux, communautaires et de l'enseignement",2,Le sous-groupe 415 a été divisé. Les appellations d'emploi liées aux agents chargés de cas dans un centre correctionnel ont été déplacés du sous-groupe 415 au sous-groupe 4220.
416,"Recherchistes, experts-conseils / expertes-conseils et agents / agentes des politiques et des programmes",A,1120,Professionnels / professionnelles en gestion des ressources humaines et en services aux entreprises,1,"L'appellation d'emploi ""consultant / consultante en marketing"" a été déplacée du sous-groupe 416 au sous-groupe 1120."
,,,2111,Professionnels / professionnelles des sciences de la vie,1,Les appellations d'emploi liées à la recherche clinique ont été déplacés du sous-groupe 416 au sous-groupe 2111.
,,,4131,Enquêteurs / enquêteuses de police et agents / agentes de probation,1,"L'appellation d'emploi ""coroner"" a été déplacée du sous-groupe 416 au sous-groupe 4131."
,,,4140,"Recherchistes, experts-conseils / expertes-conseils et agents / agentes des politiques et des programmes",1,"Les groupes de base 4161 (maintenant 41400), 4162 (maintenant 41401), 4163 (maintenant 41402), 4164 (maintenant 41403), 4165 (maintenant 41404), 4166 (maintenant 41405), 4167 (maintenant 41406), 4168 (maintenant 41407) et 4169 (maintenant 41409) ont été déplacés du sous-groupe 416 au sous-groupe 4140."
421,"Personnel paraprofessionnel des services juridiques, sociaux, communautaires et de l'enseignement",B,4220,"Personnel paraprofessionnel des services juridiques, sociaux, communautaires et de l'enseignement",2,"Le sous-groupe 421 a été divisé. Les groupes de base 4211 (maintenant 42200), 4212 (maintenant 42201), 4214 (maintenant 42202), 4215 (maintenant 42203) et 4217 (maintenant 42204) ont été déplacés du sous-groupe 421 au sous-groupe 4220."
,,,4310,Professionnels / professionnelles des services sociaux et communautaires,3,Le sous-groupe 421 a été divisé. Le groupe de base 4216 (maintenant 43109) a été déplacé du sous-groupe 421 au sous-groupe 4310.
431,Personnel des services de protection publique de première ligne,B,4131,Enquêteurs / enquêteuses de police et agents / agentes de probation,1,Le sous-groupe 431 a été divisé. Les appellations d'emploi liées aux enquêteurs de police ont été déplacés du sous-groupe 431 au sous-groupe 4131.
,,,4210,Personnel des services de protection publique de première ligne,2,Le sous-groupe 431 a été divisé. Les groupes de base 4311 (maintenant 42100) et 4312 (maintenant 42101) et les appellations d'emploi liées aux professions militaires qui typiquement exigent des études collégiales ou une formation d'apprenti de 2 années et plus ont été déplacés du sous-groupe 431 au sous-groupe 4210.
,,,4320,Personnel de soutien en protection juridique et publique,3,Le sous-groupe 431 a été divisé. Les appellations d'emploi liées aux professions militaires qui typiquement exigent des études collégiales ou une formation d'apprenti de moins de 2 années ont été déplacés du sous-groupe 431 au sous-groupe 4320.
,,,4420,Combattants / combattantes de première ligne des Forces armées canadiennes,3,Le sous-groupe 431 a été divisé. Les appellations d'emploi liées aux professions militaires qui typiquement n'exigent pas des études collégiales ni de formation d'apprenti ont été déplacés du sous-groupe 431 au sous-groupe 4420.
441,Dispensateurs / dispensatrices de soins en milieu familial et personnel de soutien en enseignement,C,4310,Personnel de soutien en éducation,3,Le sous-groupe 441 a été divisé. Le groupe de base 4413 (maintenant 43100) a été déplacé du sous-groupe 441 au sous-groupe 4310.
,,,4410,Prestataires de soins à domicile,4,Le sous-groupe 441 a été divisé. Les groupes de base 4411 (maintenant 44100) et 4412 (maintenant 44101) ont été déplacés du sous-groupe 441 au sous-groupe 4410.
,,,4510,"Surveillants / surveillantes d’élèves, brigadiers / brigadières et autres professions connexes",5,Le sous-groupe 441 a été divisé. Les appellations d'emploi liées au surveillants d’élèves ont été déplacés du sous-groupe 441 au sous-groupe 4510.
,,,6531,Nettoyeurs / nettoyeuses,5,"Le sous-groupe 441 a été divisé. Les appellations d'emplois ""aide ménager / aide ménagère"" et ""aide domestique"" ont été déplacés du sous-groupe 441 au sous-groupe 6531."
442,Personnel juridique et de soutien des services de protection publique,C,4320,Personnel de soutien en protection juridique et publique,3,Étiquette modifiée.
511,"Professionnels / professionnelles des bibliothèques, des archives, des musées et des galeries d'art",A,5110,"Professionnels / professionnelles des bibliothèques, des archives, des musées et des galeries d'art",1,s.o.
512,"Professionnels / professionnelles de la rédaction, de la traduction et personnel professionnel assimilé des communications",A,5111,"Professionnels / professionnelles de la rédaction, de la traduction et personnel professionnel assimilé des communications",1,s.o.
513,Professionnels / professionnelles des arts plastiques et des arts de la scène,A,5112,Professionnels / professionnelles des arts plastiques et des arts de la scène,1,"Le sous-groupe 513 a été divisé. Les groupes de base 5131 (maintenant 51120), 5132 (maintenant 51121) et 5133 (maintenant 51122) ont été déplacés du sous-groupe 513 au sous-groupe 5112."
,,,5312,Personnel des arts créatifs et de la scène,3,"Le sous-groupe 513 a été divisé. Les groupes de base 5134 (maintenant 51320), 5135 (maintenant 51321) et 5136 (maintenant 53122) ont été déplacés du sous-groupe 513 au sous-groupe 5312."
521,"Personnel technique des bibliothèques, des archives publiques, des musées et des galeries d'art",B,5210,Personnel technique des bibliothèques et des archives publiques,2,Le sous-groupe 521 a été divisé. Le groupe de base 5211 (maintenant 52100) a été déplacé du sous-groupe 521 au sous-groupe 5210.
,,,5310,Personnel des musées et des galeries d'art,3,Le sous-groupe 521 a été divisé. Le groupe de base 5212 (maintenant 53100) a été déplacé du sous-groupe 521 au sous-groupe 5310.
522,"Photographes, techniciens / techniciennes en graphisme et personnel technique et personnel de coordination du cinéma, de la radiotélédiffusion et des arts de la scène",B,5211,"Personnel technique du cinéma, de la radiotélédiffusion et des arts de la scène",2,"Le sous-groupe 522 a été divisé. Les groupes de base 5222 (maintenant 52110), 5223 (maintenant 52111), 5224 (maintenant 52112), 5225 (maintenant 52113) et 5226 (maintenant 52119) ont été déplacés du sous-groupe 522 au sous-groupe 5211."
,,,5311,Photographes et personnel de soutien des arts et de la culture,3,Le sous-groupe 522 a été divisé. Les groupes de base 5221 (maintenant 53110) et 5227 (maintenant 53111) ont été déplacés du sous-groupe 522 au sous-groupe 5311.
523,"Annonceurs / annonceuses et autres artistes de spectacle, n.c.a.",B,5211,"Personnel technique du cinéma, de la radiotélédiffusion et des arts de la scène",2,Le sous-groupe 523 a été divisé. Le groupe de base 5231 (maintenant 52114) a été déplacé du sous-groupe 523 au sous-groupe 5211.
,,,5312,Personnel des arts créatifs et de la scène,3,Le sous-groupe 523 a été divisé.  Les appellations d'emploi liées aux spectacles de cirque ont été déplacés du sous-groupe 523 au sous-groupe 5132.
,,,5510,Personnel de soutien des arts et de la culture,5,Le sous-groupe 523 a été divisé. Le groupe de base 5232 (maintenant 55109) a été déplacé du sous-groupe 523 au sous-groupe 5510.
524,Concepteurs / conceptrices artistiques et artisans / artisanes,B,5212,Designers graphiques et d'intérieur,2,Le sous-groupe 524 a été divisé. Les groupes de base 5241 (maintenant 52120) et 5242 (maintenant 52121) ont été déplacés du sous-groupe 524 au sous-groupe 5212.
,,,6201,Superviseurs / superviseures des ventes - commerce de détail,2,"Le sous-groupe 524 a été divisé. Les appellations d'emploi ""superviseur / superviseure de concepteurs de présentoirs"" et ""surveillant / surveillante de la conception de présentoirs"" ont été déplacés du sous-groupe 524 au sous-groupe 6201."
,,,5312,Personnel des arts créatifs et de la scène,3,"Le sous-groupe 524 a été divisé. Les groupes de base 5243 (maintenant 53123), 5244 (maintenant 53124) et 5245 (maintenant 53125) ont été déplacés du sous-groupe 524 au sous-groupe 5312."
,,,6410,Vendeurs / vendeuses en commerce de détail et représentants / représentantes des ventes et des comptes en commerce de gros (non-technique),4,Le sous-groupe 524 a été divisé. Les appellations d'emploi liées aux vendeurs et décorateur-étalagistes en commerce de détail ont été déplacés du sous-groupe 524 au sous-groupe 6410.
525,"Athlètes, entraîneurs / entraîneuses, arbitres et personnel assimilé des sports et des loisirs",B,5320,"Athlètes, entraîneurs / entraîneuses, arbitres et personnel assimilé des sports et des loisirs",3,"Le sous-groupe 525 a été divisé. Les groupes de base 5251 (maintenant 53200), 5252 (maintenant 53201), et 5253 (maintenant 53202) ont été déplacés du sous-groupe 525 au sous-groupe 5320."
,,,5410,"Animateurs / animatrices et responsables de programmes de sports, de loisirs et de conditionnement physique",4,Le sous-groupe 525 a été divisé. Le groupe de base 5254 (maintenant 54100) a été déplacé du sous-groupe 525 au sous-groupe 5410.
621,Superviseurs / superviseures des ventes - commerce de détail,B,6201,Superviseurs / superviseures des ventes - commerce de détail,2,s.o.
622,Personnel technique spécialisé du commerce de gros et acheteurs / acheteuses du commerce de détail et de gros,B,7001,"Directeurs / directrices de la construction, de l'exploitation et de l'entretien d'immeubles",0,"Les appellations d'emploi ""directeur / directrice de district de silo à grains"", ""directeur / directrice de silo à grains"", et ""directeur adjoint / directrice adjointe d'élévateur à grains"" ont été déplacés du sous-groupe 622 au sous-groupe 7001."
,,,6210,Personnel technique spécialisé du commerce de gros et acheteurs / acheteuses du commerce de détail et de gros,,Les groupes de base 6221 (maintenant 62100) et 6222 (maintenant 62101) ont été déplacés du sous-groupe 622 au sous-groupe 6210.
,,,7510,Débardeurs / débardeuses et manutentionnaires,5,"L'appellation d'emploi ""agent / agente d'élévateur à grains"" a été déplacée du sous-groupe 622 au sous-groupe 7510."
623,"Personnel de l'assurance, de l'immobilier et des ventes financières",B,6310,"Personnel de l'assurance, de l'immobilier et des ventes financières",3,s.o.
631,Superviseurs / superviseures de services,B,6202,Superviseurs / superviseures de services,2,"Les groupes de base 6311 (maintenant 62020), 6312 (maintenant 62021), 6313 (maintenant 62022), 6314 (maintenant 62023), 6315 (maintenant 62024) et 6316 (maintenant 62029) ont été déplacés du sous-groupe 631 au sous-groupe 6202."
,,,6521,"Personnel de soutien en services d'hébergement, de voyage, de tourisme et de loisirs",5,"Les appellations d'emploi ""surveillant / surveillante de parc"", ""surveillant / surveillante de patinoire"", et ""surveillant / surveillante de terrain de camping"" ont été déplacés du sous-groupe 631 au sous-groupe 6521."
632,Chefs et cuisiniers / cuisinières,B,6220,Personnel spécialisées dans les services,2,Le sous-groupe 632 a été divisé. Le groupe de base 6321 (maintenant 62200) a été déplacé du sous-groupe 632 au sous-groupe 6220.
,,,6320,"Cuisiniers / cuisinières, bouchers / bouchères et boulangers-pâtissiers / boulangères-pâtissières",3,Le sous-groupe 632 a été divisé. Le groupe de base 6322 (maintenant 63200) a été déplacé du sous-groupe 632 au sous-groupe 6320.
633,Bouchers / bouchères et boulangers-pâtissiers / boulangères-pâtissières,B,6320,"Cuisiniers / cuisinières, bouchers / bouchères et boulangers-pâtissiers / boulangères-pâtissières",3,Le sous-groupe 633 a été divisé. Le groupe de base 6332 (maintenant 63202) et les appellations d'emploi liées aux bouchers ont été déplacés du sous-groupe 633 au sous-groupe 6320.
,,,6520,Personnel de soutien des aliments,5,Le sous-groupe 633 a été divisé. Les appellations d'emploi liées aux coupeurs de viande et poissonnerie ont été déplacés du sous-groupe 633 au sous-groupe 6520.
634,Personnel spécialisé en services personnels et en services à la clientèle,B,6220,Personnel spécialisées dans les services,2,Le sous-groupe 634 a été divisé. Les groupes de base 6344 (maintenant 62202) et 6346 (maintenant 62201) ont été déplacés du sous-groupe 634 au sous-groupe 6220.
,,,6321,Coiffeurs / coiffeuses et esthéticiens / esthéticiennes,3,Le sous-groupe 634 a été divisé. Le groupe de base 6341 (maintenant 63210) a été déplacé du sous-groupe 634 au sous-groupe 6321.
,,,6322,"Cordonniers / cordonnières, fabricants / fabricantes de chaussures et tapissiers-garnisseurs / tapissières-garnisseuses",3,Le sous-groupe 634 a été divisé. Les groupes de base 6343 (maintenant 63220) et 6345 (maintenant 63221) ont été déplacés du sous-groupe 634 au sous-groupe 6322.
,,,6420,Personnel des services personnels,4,Le sous-groupe 634 a été divisé. Le groupe de base 6342 (maintenant 64200) a été déplacé du sous-groupe 634 au sous-groupe 6420.
641,Représentants / représentantes des ventes et des comptes - commerce de gros (non-technique),C,6210,Personnel technique spécialisé du commerce de gros et acheteurs / acheteuses du commerce de détail et de gros,2,"Les appellations d'emploi ""négociant / négociante en grains"" et ""représentant / représentante des ventes de bétail - commerce de gros"" ont été déplacés du sous-groupe 641 au sous-groupe 6210."
,,,6410,Vendeurs / vendeuses en commerce de détail et représentants / représentantes des ventes et des comptes en commerce de gros (non-technique),4,Le groupe de base 6411 (maintenant 64101) a été déplacé du sous-groupe 641 au sous-groupe 6410.
642,Vendeurs / vendeuses - commerce de détail,C,6410,Vendeurs / vendeuses en commerce de détail et représentants / représentantes des ventes et des comptes en commerce de gros (non-technique),4,Étiquette modifiée.
651,Personnel des services des aliments et des boissons,C,6430,Personnel des services des aliments et des boissons,4,Le sous-groupe 651 a été divisé. Les groupes de base 6511 (maintenant 6430) et 6512 (maintenant 6430) ont été déplacés du sous-groupe 651 au sous-groupe 6430.
,,,6520,Personnel de soutien des aliments,5,Le sous-groupe 651 a été divisé. Le groupe de base 6513 (maintenant 65200) a été déplacé du sous-groupe 651 au sous-groupe 6520.
652,Personnel de l'hébergement et des voyages,C,6431,Personnel de l'hébergement et des voyages,5,s.o.
653,Personnel des services de tourisme et de loisirs,C,6432,Personnel des services de tourisme et de loisirs,4,s.o.
654,Agents / agentes de sécurité et personnel assimilé des services de sécurité,C,6441,Agents / agentes de sécurité et personnel assimilé des services de sécurité,4,Le groupe de base 6541 (maintenant 64410) a été déplacé du 654 au sous-groupe 6441.
,,,4510,"Surveillants / surveillantes d’élèves, brigadiers / brigadières et autres professions connexes",5,"Les appellations d'emploi ""Brigadier / brigadière scolaire"" et ""Brigadier / brigadière"" ont été déplacés du sous-groupe 654 au sous-groupe 4510."
,,,6532,Personnel de services de soutien et personnel assimilé,5,"L'appellation d'emploi ""Client mystère / cliente mystère"" a été déplacée du sous-groupe 654 au sous-groupe 6532."
655,Représentants / représentantes du service à la clientèle et de l'information,C,6440,Représentants / représentantes aux services à la clientèle et services d'information,4,Étiquette modifiée.
656,Autre personnel des services personnels,C,6321,Coiffeurs / coiffeuses et esthéticiens / esthéticiennes,3,Le sous-groupe 656 a été divisé. Le groupe de base 6562 (maintenant 63211) a été déplacé du sous-groupe 656 au sous-groupe 6321.
,,,6420,Personnel des services personnel,4,Le sous-groupe 656 a été divisé. Le groupe de base 6561 (maintenant 64201) a été déplacé du sous-groupe 656 au sous-groupe 6420.
,,,6522,Personnel de soutien dans les services personnels,5,Le sous-groupe 656 a été divisé. Le groupe de base 6563 (maintenant 65220) et 6564 (maintenant 65229) ont été déplacés du sous-groupe 656 au sous-groupe 6522.
661,Caissiers / caissières,D,6510,Caissiers / caissières et autres personnel de soutien aux ventes,5,Étiquette modifiée.
662,Autre personnel de soutien aux ventes et personnel assimilé,D,6510,Caissiers / caissières et autres personnel de soutien aux ventes,5,Étiquette modifiée.
671,"Serveurs / serveuses au comptoir, aides de cuisine et personnel de soutien assimilé",D,6520,Personnel de soutien des aliments,5,Étiquette modifiée.
672,"Personnel de soutien en services d'hébergement, de voyage et de loisirs",D,6521,"Personnel de soutien en services d'hébergement, de voyage, de tourisme et de loisirs",5,s.o.
673,Nettoyeurs / nettoyeuses,D,7320,"Préposés à l’entretien général d'édifice, d'installation et de réparation",3,Les appellations d'emploi liées aux surintendants d'immeuble et des travaux d'entretien ont été déplacés du sous-groupe 673 au sous-groupe 7320.
,,,6531,Nettoyeurs / nettoyeuses,5,"Les groupes de base 6731 (maintenant 65310), 6732 (maintenant 65311) et 6733 (maintenant 65312) ont été déplacés du sous-groupe 673 au sous-groupe 6531."
674,"Autres services de soutien et personnel assimilé, n.c.a.",D,6532,Personnel de services de soutien et personnel assimilé,5,Étiquette modifiée.
720,"Entrepreneurs / entrepreneuses et contremaîtres / contremaîtresses du personnel des métiers industriels, de la construction, de l'électricité et du personnel assimilé",B,7201,"Entrepreneurs / entrepreneuses et contremaîtres / contremaîtresses du personnel des métiers industriels, de la construction, de l'électricité et du personnel assimilé",2,L'étiquette anglaise de ce sous-groupe a été modifiée.
723,"Personnel des métiers d'usinage, du formage, du profilage et du montage du métal",B,7210,"Personnel des métiers d'usinage, du formage, du profilage et du montage du métal",2,L'étiquette anglaise de ce sous-groupe a été modifiée.
724,Électriciens / électriciennes et monteurs / monteuses de lignes d'électricité et de télécommunications,B,7220,Électriciens / électriciennes et monteurs / monteuses de lignes d'électricité et de télécommunications,2,L'étiquette anglaise de ce sous-groupe a été modifiée.
725,"Plombiers / plombières, tuyauteurs / tuyauteuses et monteurs / monteuses d'installations au gaz",B,7230,"Plombiers / plombières, tuyauteurs / tuyauteuses et monteurs / monteuses d'installations au gaz",2,s.o.
727,Charpentiers / charpentières et ébénistes,B,7231,Charpentiers / charpentières et ébénistes,2,s.o.
728,Personnel de maçonnerie et de plâtrage,B,7232,Briqueteurs-maçons / briqueteuses-maçonnes et calorifugeurs / calorifugeuses,2,Le sous-groupe 728 a été divisé. Le groupe de base 7281 (maintenant 72320) a été déplacé du sous-groupe 728 au sous-groupe 7232.
,,,7310,"Finisseurs / finisseuses de béton, carreleurs / carreleuses et plâtriers / plâtrières",3,"Le sous-groupe 728 a été divisé. Les groupes de base 7282 (maintenant 73100), 7283 (maintenant 73101) et 7284 (maintenant 73102) ont été déplacés du sous-groupe 728 au sous-groupe 7310."
729,Autre personnel des métiers de la construction,B,7232,Briqueteurs-maçons / briqueteuses-maçonnes et calorifugeurs / calorifugeuses,2,Le sous-groupe 729 a été divisé. Le groupe de base 7293 (maintenant 72321) a été déplacé du sous-groupe 729 au sous-groupe 7232.
,,,7311,"Couvreurs, vitriers, peintres, décorateurs et poseurs de revêtements de sol",3,"Le sous-groupe 729 a été divisé. Le groupe de base 7291 (maintenant 73110), 7292 (maintenant 73111), 7294 (maintenant 73112) et 7295 (maintenant 73113) ont été déplacés du sous-groupe 729 au sous-groupe 7311."
730,Entrepreneurs / entrepreneuses et contremaîtres / contremaîtresses du personnel des métiers d'entretien et des opérateurs d'équipement lourd et de transport,B,7202,Entrepreneurs / entrepreneuses et contremaîtres / contremaîtresses du personnel des métiers d'entretien et des opérateurs d'équipement lourd et de transport,2,L'étiquette anglaise de ce sous-groupe a été modifiée.
731,Mécaniciens / mécaniciennes de machinerie et d'équipement de transport (sauf véhicules automobiles),B,7240,Mécaniciens / mécaniciennes de machinerie et d'équipement de transport (sauf véhicules automobiles),2,N/A
732,Mécaniciens / mécaniciennes de véhicules automobiles,B,7241,Mécaniciens / mécaniciennes de véhicules automobiles,2,N/A
733,Autres mécaniciens / mécaniciennes et réparateurs / réparatrices connexes,B,7242,Mécaniciens / mécaniciennes de petits moteurs et d’équipements et réparateurs / réparatrices connexes (y compris composants électriques),2,Étiquette modifiée.
736,Personnel des opérations du transport ferroviaire,B,7331,Personnel des opérations du transport ferroviaire,3,s.o.
737,"Grutiers / grutières, foreurs / foreuses et dynamiteurs / dynamiteuses",B,7250,Grutiers / grutières et foreurs / foreuses de puits d'eau,2,Le sous-groupe 737 a été divisé. Les groupes de base 7371 (maintenant 72500) et 7373 (maintenant 72501) ont été déplacés du sous-groupe 737 au sous-groupe 7250.
,,,7340,"Opérateurs / opératrices, foreurs / foreuses et dynamiteurs / dynamiteuses",3,Le sous-groupe 737 a été divisé. Le groupe de base 7372 (maintenant 73402) a été déplacé du sous-groupe 737 au sous-groupe 7340.
,,,7511,Aides de soutien des métiers et manoeuvres,5,Le sous-groupe 737 a été divisé. Les appellations d'emploi liées au gréement ont été déplacés du sous-groupe 737 au sous-groupe 7511.
738,"Personnel de l'imprimerie, autre personnel des métiers et personnel assimilé, n.c.a.",B,7242,Mécaniciens / mécaniciennes de petits moteurs et d’équipements et réparateurs / réparatrices connexes (y compris composants électriques),2,"Le sous-groupe 738 a été divisé. Les appellations d'emploi liées aux loisirs et aux mécaniciens, réparateurs et techniciens de service de véhicules ont été déplacés du sous-groupe 738 au sous-groupe 7242."
,,,7299,Autres métiers techniques,2,Le sous-groupe 738 a été divisé. Le groupe de base 7384 (maintenant 72999) a été déplacé du sous-groupe 738 au sous-groupe 7299.
,,,7340,"Opérateurs / opératrices, foreurs / foreuses et dynamiteurs / dynamiteuses",3,Le sous-groupe 738 a été divisé. Le groupe de base 7381 (maintenant 73401) a été déplacé du sous-groupe 738 au sous-groupe 7340.
744,"Personnel d'installation, de réparation et d'entretien",C,2231,Personnel technique en génie électronique et électrique,2,"Le sous-groupe 744 a été divisé. L'appellation d'emploi ""technicien / technicienne de systèmes de sécurité"" a été déplacée du sous-groupe 744 au sous-groupe 2231."
,,,7320,"Préposés à l’entretien général d'édifice, d'installation et de réparation",3,"Le sous-groupe 744 a été divisé. Les groupes de base 7441 (maintenant 73200), 7444 (maintenant 73202) et 7445 (maintenant 73209) ont été déplacés du sous-groupe 744 au sous-groupe 7320."
,,,7420,"Opérateurs / opératrices de matériel de transport, personnel d'entretien des services publics et personnel d'entretien assimilé",4,Le sous-groupe 744 a été divisé. Le groupe de base 7442 (maintenant 74202) a été déplacé du sous-groupe 744 au sous-groupe 7420.
745,Débardeurs / débardeuses et manutentionnaires,C,7510,Débardeurs / débardeuses et manutentionnaires,5,s.o.
751,Conducteurs / conductrices de véhicules automobiles et de véhicules de transport en commun,C,7330,Conducteurs / conductrices de camions de transport et de véhicules de transport en commun,3,Le sous-groupe 751 a été divisé. Les groupes de base 7511 (maintenant 73300) et 7512 (maintenant 73301) ont été déplacés du sous-groupe 751 au sous-groupe 7330.
,,,7410,Personnel au courrier et à la distribution de messages,4,Le sous-groupe 751 a été divisé. Les appellations d'emploi liées aux chauffeurs de service de messagerie ont été déplacés du sous-groupe 751 au sous-groupe 7410.
,,,7520,"Chauffeurs / chauffeuses de taxi, de service personnel et de livraison",5,Le sous-groupe 751 a été divisé. Le groupe de base 7513 (maintenant 75200) et les appellations d'emploi liées aux distributeurs de porte-à-porte ont été déplacés du sous-groupe 751 au sous-groupe 7520.
752,Conducteurs / conductrices d'équipement lourd,C,7340,"Opérateurs / opératrices, foreurs / foreuses et dynamiteurs / dynamiteuses",3,Le sous-groupe 752 a été divisé. Le groupe de base 7521 (maintenant 73400) a été déplacé du sous-groupe 752 au sous-groupe 7340.
,,,7420,"Opérateurs / opératrices de matériel de transport, personnel d'entretien des services publics et personnel d'entretien assimilé",4,Le sous-groupe 752 a été divisé. Le groupe de base 7522 (maintenant 74204) a été déplacé du sous-groupe 752 au sous-groupe 7420.
753,Autres conducteurs / conductrices de matériel de transport et personnel d'entretien assimilé,C,7420,"Opérateurs / opératrices de matériel de transport, personnel d'entretien des services publics et personnel d'entretien assimilé",4,"Le sous-groupe 753 a été divisé. Les groupes de base 7531 (maintenant 74200), 7532 (maintenant 74201), 7534 (maintenant 74202) et 7535 (maintenant 74203) ont été déplacés du sous-groupe 753 au sous-groupe 7420."
,,,7521,Opérateurs / opératrices et manoeuvres de transport marin et par rail et personnel assimilé,5,Le sous-groupe 753 a été divisé. Le groupe de base 7533 (maintenant 75210) a été déplacé du sous-groupe 753 au sous-groupe 7521.
761,Aides de soutien des métiers et manoeuvres,D,7511,Aides de soutien des métiers et manoeuvres,5,s.o.
762,"Manoeuvres aux travaux publics et personnel assimilé, n.c.a.",D,7521,Opérateurs / opératrices et manoeuvres de transport marin et par rail et personnel assimilé,5,Étiquette modifiée.
821,Surveillants / surveillantes de l'exploitation forestière,B,8201,Surveillants / surveillantes de l'exploitation forestière,2,s.o.
822,"Entrepreneurs / entrepreneuses et surveillants / surveillantes de l'exploitation des mines, du pétrole et du gaz",B,8202,"Entrepreneurs / entrepreneuses et surveillants / surveillantes de l'exploitation des mines, du pétrole et du gaz",2,s.o.
823,"Personnel du forage, des mines souterraines et de l'extraction de pétrole et de gaz",B,8310,"Personnel du forage, des mines souterraines et de l'extraction de pétrole et de gaz",3,s.o.
824,Conducteurs / conductrices de machines d'abattage d'arbres,B,8311,Conducteurs / conductrices de machines d'abattage d'arbres,3,s.o.
825,"Entrepreneurs / entrepreneuses et surveillants / surveillantes en agriculture, en horticulture et opérations et services connexes",B,7260,Officiers / officières et contrôleurs / contrôleuses des services de transport,2,"L'appellation d'emploi ""entrepreneur / entrepreneuse de service de poudrage aérien des cultures"" a été déplacée du sous-groupe 825 au sous-groupe 7260."""
,,,8203,"Entrepreneurs / entrepreneuses et surveillants / surveillantes en agriculture, en horticulture et opérations et services connexes",2,Les groupes de base 8252 (maintenant 82030) et 8255 (maintenant 82031) ont été déplacés du sous-groupe 825 au sous-groupe 8203.
,,,8412,Travailleurs / travailleuses des métiers de l'agriculture et de la pêche,4,Les appellations d'emploi liées aux travaux d'élevage spécialisés ont été déplacés du sous-groupe 825 au sous-groupe 8412.
,,,8510,"Manœuvres agricoles, horticoles et à la récolte et personnel assimilé",5,"L'appellation d'emploi ""préposé / préposée de parc d'engraissement de troupeaux"" a été déplacée du sous-groupe 825 au sous-groupe 8510."
826,Capitaines de bateaux de pêche et pêcheurs / pêcheuses,B,8312,Capitaines de bâtiments de pêche et pêcheurs / pêcheuses,3,L'étiquette française de ce sous-groupe a été modifiée.
841,Personnel d'entretien des mines et du forage des puits de pétrole et de gaz,C,8410,Travailleurs / travailleuses d'entretien des mines et du forage des puits de pétrole et de gaz,4,L'étiquette française de ce sous-groupe a été modifiée.
842,Personnel de l'exploitation forestière,C,8411,Personnel de l'exploitation forestière,4,s.o.
843,Personnel en agriculture et en horticulture,C,8412,Travailleurs / travailleuses des métiers de l'agriculture et de la pêche,4,Les appellations d'emploi liées à l'exploitation de machines agricoles ont été déplacés du sous-groupe 843 au sous-groupe 8412.
,,,8510,"Manœuvres agricoles, horticoles et à la récolte et personnel assimilé",5,Les groupes de base 8431 (maintenant 85100 et 85101) et 8432 (maintenant 85103) ont été déplacés du sous-groupe 843 au sous-groupe 8510.
844,Autre personnel de la pêche et personnel du trappage et de la chasse,C,8412,Travailleurs / travailleuses des métiers de l'agriculture et de la pêche,4,Le sous-groupe 844 a été divisé. Le groupe de base 8441 (maintenant 84121) a été déplacé du sous-groupe 844 au sous-groupe 8412.
,,,8510,"Manœuvres agricoles, horticoles et à la récolte et personnel assimilé",5,Le sous-groupe 844 a été divisé. Le groupe de base 8442 (maintenant 85104) a été déplacé du sous-groupe 844 au sous-groupe 8510.
861,"Manoeuvres à la récolte, en aménagement paysager et en ressources naturelles",D,8510,"Manœuvres agricoles, horticoles et à la récolte et personnel assimilé",5,Le sous-groupe 861 a été divisé. Les groupes de base 8611 (maintenant 85101) et 8613 (maintenant 85102) ont été déplacés du sous-groupe 861 au sous-groupe 8510.
,,,8511,"Manoeuvres de mine, de forage et d'entretien des puits de pétrole et de gaz, et personnel assimilé",5,Le sous-groupe 861 a été divisé. Les groupes de base 8614 (maintenant 85110) et 8615 (maintenant 85111) ont été déplacés du sous-groupe 861 au sous-groupe 8511.
,,,8512,Manœuvres de l'exploitation forestière et entretien des terrains,5,Le sous-groupe 861 a été divisé. Les groupes de base 5612 (maintenant 85121) et 5616 (maintenant 5120) ont été déplacés du sous-groupe 861 au sous-groupe 8512.
921,Surveillants / surveillantes dans la transformation et la fabrication,B,9201,Surveillants / surveillantes dans la transformation et la fabrication,,s.o.
922,Surveillants / surveillantes dans la fabrication et le montage,B,9202,Surveillants / surveillantes dans la fabrication et le montage,,s.o.
923,Opérateurs / opératrices de poste central de contrôle dans les procédés de transformation et de fabrication,B,9310,Opérateurs / opératrices de poste central de contrôle dans les procédés de transformation et de fabrication,,s.o.
924,Opérateurs / opératrices et contrôleurs / contrôleuses d'équipements d'utilités publiques,B,9210,Opérateurs / opératrices et contrôleurs / contrôleuses d'équipements d'utilités publiques,,s.o.
941,Opérateurs / opératrices de machines dans le traitement et la fabrication des métaux et des minerais et personnel assimilé,C,9410,Opérateurs / opératrices de machines dans le traitement et la fabrication des métaux et des minerais et personnel assimilé,,s.o.
942,"Opérateurs / opératrices de machines dans le traitement de produits chimiques, du caoutchouc et du plastique et personnel assimilé",C,9411,"Opérateurs / opératrices de machines dans le traitement de produits chimiques, du caoutchouc et du plastique et personnel assimilé",,"Les groupes de base 9421 (maintenant 94110), 9422 (maintenant 94111) et 9423 (maintenant 94112) ont été déplacés du sous-groupe 942 au sous-groupe 9411."
,,,9510,"Manoeuvres dans la transformation, la fabrication et les services d'utilité publique",,"L'appellation d'emploi ""aide-opérateur / aide-opératrice de four tubulaire"" a été déplacée du sous-groupe 942 au sous-groupe 9510."
943,Opérateurs / opératrices de machines dans la production des pâtes et papiers et dans la transformation et la fabrication du bois et personnel assimilé,C,9412,Opérateurs / opératrices de machines dans la production des pâtes et papiers et dans la transformation et la fabrication du bois et personnel assimilé,,s.o.
944,"Opérateurs / opératrices de machines dans la transformation et la confection de produits textiles, d'articles en tissu, en fourrure et en cuir et personnel assimilé",C,9413,"Opérateurs / opératrices de machines dans la transformation et la confection de produits textiles, d'articles en tissu, en fourrure et en cuir et personnel assimilé",,"Le sous-groupe 944 a été divisé. Les groupes de base 9441 (maintenant 94130), 9442 (maintenant 94131), 9446 (maintenant 94132) et 9447 (maintenant 94133) ont été déplacés du sous-groupe 944 au sous-groupe 9413."
,,,9510,"Manoeuvres dans la transformation, la fabrication et les services d'utilité publique",,"Le sous-groupe 944 a été divisé. Le groupe de base 9445 (maintenant 95105) et l'appellation d'emploi ""aide à la machine à imprimer les étoffes"" ont été déplacés du sous-groupe 944 au sous-groupe 9510."
946,Opérateurs / opératrices de machines et personnel assimilé dans la transformation des aliments et boissons et produits connexes,C,9414,Opérateurs / opératrices de machines et personnel assimilé dans la transformation des aliments et boissons et produits connexes,,s.o.
947,Opérateurs / opératrices d'équipement à imprimer et personnel assimilé,C,9415,Opérateurs / opératrices d'équipement à imprimer et personnel assimilé,,s.o.
952,"Monteurs / monteuses de matériel mécanique, électrique et électronique",C,9320,Monteurs / monteuses d'aéronefs et contrôleurs / contrôleuses de montage d'aéronefs,,Le sous-groupe 952 a été divisé. Le groupe de base 9521 (maintenant 93200) a été déplacé du sous-groupe 952 au sous-groupe 9320.
,,,9420,"Monteurs / monteuses et contrôleurs / contrôleuses de matériel mécanique, électrique et électronique",,"Le sous-groupe 952 a été divisé. Les groupes de base 9522 (maintenant 94200), 9523 (maintenant 94201), 9524 (maintenant 94202), 9525 (maintenant 94203), 9526 (maintenant 94204) et 9527 (maintenant 94205) ont été déplacés du sous-groupe 952 au sous-groupe 9420."
953,Autre personnel de montage et personnel assimilé,C,9421,"Monteurs / monteuses, finisseurs / finisseuses et inspecteurs / inspectrices de meubles, de bois, de plastique et d'autres produits",,Étiquette modifiée.
961,"Manoeuvres dans la transformation, la fabrication et les services d'utilité publique",B,9414,Opérateurs / opératrices de machines et personnel assimilé dans la transformation des aliments et boissons et produits connexes,,"L'appellation d'emploi ""écailleur / écailleuse de poissons - traitement du poisson"" a été déplacée du sous-groupe 961 au sous-groupe 9414."
,,,9510,"Manoeuvres dans la transformation, la fabrication et les services d'utilité publique",,"Les groupes de base 9611 (maintenant 95100), 9612 (maintenant 95101), 9613 (maintenant 95102), 9614 (maintenant 95103), 9615 (maintenant 95104), 9616 (maintenant 95105), 9617 (maintenant 95106), 9618 (maintenant 95107) et 9619 (maintenant 95109) ont été déplacés du sous-groupe 961 au sous-groupe 9510."